2025-09-28_16-56-14,None,draft.py:2025-09-28_16-56-14
2025-09-30_16-25-25,None,draft.py:2025-09-30_16-25-25
2025-09-30_16-26-05,None,draft.py:2025-09-30_16-26-05
2025-09-30_16-27-04,None,draft.py:2025-09-30_16-27-04
2025-09-30_16-28-15,None,draft.py:2025-09-30_16-27-04
2025-09-30_16-47-27,None,draft.py:2025-09-30_16-47-27
2025-09-30_16-49-10,None,draft.py:2025-09-30_16-49-10
2025-09-30_16-49-24,None,draft.py:2025-09-30_16-49-24
2025-09-30_16-53-08,None,draft.py:2025-09-30_16-53-08
2025-09-30_16-54-04,None,draft.py:2025-09-30_16-54-04
2025-09-30_16-58-06,None,draft.py:2025-09-30_16-58-06
2025-09-30_16-58-25,None,draft.py:2025-09-30_16-58-25
2025-09-30_16-59-51,None,draft.py:2025-09-30_16-59-51
2025-09-30_17-01-49,None,draft.py:2025-09-30_17-01-49
<<<<<<< HEAD
2025-10-02_22-43-19,None,draft.py:2025-10-02_22-43-19
2025-10-02_22-43-42,None,draft.py:2025-10-02_22-43-42
2025-10-02_22-44-48,None,draft.py:2025-10-02_22-44-48
2025-10-02_22-48-11,None,draft.py:2025-10-02_22-48-11
2025-10-02_22-48-21,None,draft.py:2025-10-02_22-48-11
2025-10-02_22-51-05,None,draft.py:2025-10-02_22-51-05
2025-10-02_22-53-39,None,draft.py:2025-10-02_22-51-05
2025-10-02_22-54-48,None,draft.py:2025-10-02_22-54-48
2025-10-02_22-58-40,None,draft.py:2025-10-02_22-58-40
2025-10-02_23-02-02,None,draft.py:2025-10-02_23-02-02
2025-10-02_23-04-10,None,draft.py:2025-10-02_23-04-10
2025-10-02_23-06-03,None,draft.py:2025-10-02_23-06-03
2025-10-02_23-09-10,None,draft.py:2025-10-02_23-09-10
2025-10-02_23-10-37,None,draft.py:2025-10-02_23-10-37
2025-10-02_23-11-14,None,draft.py:2025-10-02_23-11-14
2025-10-02_23-12-32,None,draft.py:2025-10-02_23-12-32
2025-10-02_23-13-48,None,draft.py:2025-10-02_23-13-48
2025-10-02_23-17-40,None,draft.py:2025-10-02_23-17-40
2025-10-02_23-17-40,None,draft.py:2025-10-02_23-17-40
2025-10-02_23-17-58,None,draft.py:2025-10-02_23-17-58
2025-10-02_23-19-30,None,draft.py:2025-10-02_23-19-30
2025-10-02_23-22-41,None,draft.py:2025-10-02_23-22-41
2025-10-02_23-22-57,None,draft.py:2025-10-02_23-22-57
2025-10-02_23-23-44,None,draft.py:2025-10-02_23-23-44
2025-10-02_23-27-16,None,draft.py:2025-10-02_23-27-16
2025-10-02_23-28-02,None,draft.py:2025-10-02_23-28-02
2025-10-02_23-28-43,None,draft.py:2025-10-02_23-28-43
2025-10-02_23-29-30,None,draft.py:2025-10-02_23-29-30
2025-10-02_23-29-59,None,draft.py:2025-10-02_23-29-59
2025-10-02_23-30-24,None,draft.py:2025-10-02_23-30-24
=======
2025-10-02_11-49-22,None,draft.py:2025-09-30_17-01-49
2025-10-02_11-59-09,None,draft.py:2025-10-02_11-59-09
2025-10-02_11-59-54,None,draft.py:2025-10-02_11-59-09
2025-10-02_12-01-34,None,draft.py:2025-10-02_12-01-34
2025-10-02_12-05-06,None,draft.py:2025-10-02_12-05-06
2025-10-02_12-07-40,None,draft.py:2025-10-02_12-07-40
2025-10-02_12-11-26,None,draft.py:2025-10-02_12-11-26
2025-10-02_12-12-43,None,draft.py:2025-10-02_12-12-43
2025-10-02_12-13-22,None,draft.py:2025-10-02_12-13-22
2025-10-02_12-14-39,None,draft.py:2025-10-02_12-14-39
2025-10-02_12-15-17,None,draft.py:2025-10-02_12-15-17
2025-10-02_12-16-07,None,draft.py:2025-10-02_12-16-07
2025-10-02_12-17-19,None,draft.py:2025-10-02_12-17-19
2025-10-02_12-18-45,None,draft.py:2025-10-02_12-18-45
2025-10-02_12-19-06,None,draft.py:2025-10-02_12-19-06
2025-10-02_12-20-43,None,draft.py:2025-10-02_12-20-43
2025-10-02_12-21-02,None,draft.py:2025-10-02_12-21-02
2025-10-02_12-24-21,None,draft.py:2025-10-02_12-24-21
2025-10-02_12-24-56,None,draft.py:2025-10-02_12-24-21
2025-10-02_12-28-08,None,draft.py:2025-10-02_12-28-08
2025-10-02_12-28-52,None,draft.py:2025-10-02_12-28-52
2025-10-02_12-31-36,None,draft.py:2025-10-02_12-31-36
2025-10-02_12-33-30,None,draft.py:2025-10-02_12-33-30
2025-10-02_12-34-36,None,draft.py:2025-10-02_12-34-36
2025-10-03_10-50-20,None,draft.py:2025-10-03_10-50-20
2025-10-03_10-50-33,None,draft.py:2025-10-03_10-50-33
2025-10-03_10-51-02,None,draft.py:2025-10-03_10-51-02
2025-10-03_10-51-13,None,draft.py:2025-10-03_10-51-02
2025-10-03_10-52-25,None,draft.py:2025-10-03_10-52-25
2025-10-04_22-37-39,None,draft.py:2025-10-04_22-37-39
>>>>>>> 58fd69a (Pontuações concluídas)
2025-10-05_01-19-51,None,draft.py:2025-10-05_01-19-51
2025-10-05_01-24-19,None,draft.py:2025-10-05_01-24-19
2025-10-05_01-24-45,None,draft.py:2025-10-05_01-24-19
2025-10-05_01-25-47,None,draft.py:2025-10-05_01-24-19
2025-10-05_01-28-38,None,draft.py:2025-10-05_01-24-19
2025-10-05_01-31-02,None,draft.py:2025-10-05_01-24-19
2025-10-05_01-31-22,None,draft.py:2025-10-05_01-24-19
